email,meno,text
janNovak@example.com,Ján,Ahoj svet!
tvorivyDuch@example.com,,
janNovak@example.com,,Ako sa máš?
geekovyNerd@example.com,Zuzana,
cestovatelVoVesmire@example.com,,Na mesiac!
milovnikKavy@example.com,Emília,Ako sa máš?
tvorivyDuch@example.com,Zlata,Umenie je život!
dobrodruh@example.com,,
cestovatelCasom@example.com,,
knihoMol@example.com,Marek,Èo je nové?
rychlyBezec@example.com,,
hladatelMieru@example.com,Júlia,
maestroHudby@example.com,Dávid,Idú nejaké koncerty?
slnecnyLovca@example.com,,
tulakPoSvete@example.com,Karolína,
milovnikJedla@example.com,,Plány na veèeru?
skicarUmelca@example.com,Lívia,Kresli viac!
filmovyFanusik@example.com,,
janNovak@example.com,Ján,A vážne, ako sa máš?
blaznivyKoder@example.com,,
milovnikPrirody@example.com,Kristián,Mám rád túry!
tichyMyslitel@example.com,,
snivyBasnik@example.com,Sára,
zaciatocnikParty@example.com,Jozef,Víkendová atmosféra?
guruCestovania@example.com,,
vodneDievca@example.com,Lucia,
chodcaPoMesiaci@example.com,,Vesmír alebo MJ?
technickyZnalci@example.com,Alan,Nová technika?
skumanecOceanu@example.com,,
noctnaSova@example.com,Eva,
ranneVtacik@example.com,,Ranná rutina?
milovnikZimy@example.com,Jakub,Ob¾úbené roèné obdobie?
majsterJogy@example.com,,
fitnessFanatik@example.com,,
zlatyRetriever@example.com,Anna,Máš domáce zvieratá?
makkasek@example.com,,
milovnikTopanok@example.com,Michal,
cokoholik@example.com,,Máš rád sladkosti?
zelenyZahradkar@example.com,Katarína,Rastliny!
moderneSmerom@example.com,,
majsterZen@example.com,,
mestskyKlzkavka@example.com,Matúš,Mestský život?
hvzdnyPozorovatel@example.com,,
sportovyFanatik@example.com,Gréta,
milovnikSyra@example.com,,Gouda alebo Cheddar?
milovnikPizze@example.com,Tomáš,Pepperóni?
milovnikCaju@example.com,,
kralovnaKofeinu@example.com,Nina,
leziecPoSkale@example.com,,Dobrodružstvo èaká!
spacik@example.com,Ela,Zzz...
historickyZnalci@example.com,,
klasickyCitatel@example.com,Ružena,
