email,name,text
johnDoe@example.com,John,Hello world!
creativeMind@example.com,,
johnDoe@example.com,,How's life?
geekyNerd@example.com,Jane,
spaceTraveler@example.com,,To the moon!
coffeelover@example.com,Emily,How are you?
creativeMind@example.com,Jane,Art for life!
adventurer@example.com,,
timeTraveller@example.com,,
bookWorm@example.com,Mark,What's new?
fastRunner@example.com,,
peaceSeeker@example.com,Jill,
musicMaestro@example.com,Dave,Any concerts soon?
sunChaser@example.com,,
wanderlust@example.com,Karen,
foodieFest@example.com,,Dinner plans?
sketchArtist@example.com,Lisa,Draw more!
movieBuff@example.com,,
johnDoe@example.com,John,Seriously, how's life?
crazyCoder@example.com,,
natureLover@example.com,Chris,I love hiking!
quietThinker@example.com,,
dreamyPoet@example.com,Sarah,
partyStarter@example.com,Jason,Weekend vibes?
travelGuru@example.com,,
waterBaby@example.com,Lucy,
moonWalker@example.com,,Space or MJ?
techSavvy@example.com,Alan,New tech?
oceanExplorer@example.com,,
nightOwl@example.com,Eve,
earlyBird@example.com,,Morning routine?
winterLover@example.com,Jack,Favorite season?
yogaMaster@example.com,,
fitnessFreak@example.com,,
goldenRetriever@example.com,Amy,Got pets?
fluffyBunny@example.com,,
sneakerHead@example.com,Mike,
chocoHolic@example.com,,Sweet tooth?
greenGardener@example.com,Kathy,Plants!
fashionForward@example.com,,
zenMaster@example.com,,
citySlicker@example.com,Matt,Urban life?
starGazer@example.com,,
sportsFanatic@example.com,Grace,
cheeseLover@example.com,,Gouda or Cheddar?
pizzaDevotee@example.com,Tony,Pepperoni?
teaAddict@example.com,,
caffeineQueen@example.com,Nina,
rockClimber@example.com,,Adventure time?
sleepyHead@example.com,Ella,Zzz...
historyBuff@example.com,,
classicReader@example.com,Ruth,
treasureHunter@example.com,,X marks the spot!
oldSoul@example.com,Paul,Remember when...
carEnthusiast@example.com,,
gamerGeek@example.com,Molly,
futureAstronaut@example.com,,SpaceX?
rainyDay@example.com,Sam,Cup of tea?
jazzLover@example.com,,
countryHeart@example.com,Daisy,
tangoTwister@example.com,,Dance off?
memeLord@example.com,Luke,Got memes?
sushiFan@example.com,,
summerChild@example.com,Lia,
beachBum@example.com,,Surf's up!
plantParent@example.com,Anne,More plants!
retroChic@example.com,,
forestFairy@example.com,Rose,
artisticSoul@example.com,,Gallery visit?
quantumPhysicist@example.com,Bob,Ever heard of quarks?
catWhisperer@example.com,,
silentWalker@example.com,Alice,
